{"cameraMode":{"drawMode":0,"name":"Shaded","section":"Shading Mode"},"sceneLighting":true,"audioPlay":false,"sceneViewState":{"m_AlwaysRefresh":false,"showFog":true,"showSkybox":true,"showFlares":true,"showImageEffects":true,"showParticleSystems":true,"showVisualEffectGraphs":true,"m_FxEnabled":true},"in2DMode":false,"pivot":{"x":403.9962463378906,"y":253.32693481445313,"z":3.85528564453125},"rotation":{"x":0.016491003334522249,"y":-0.031490668654441836,"z":0.0005196190322749317,"w":0.9993689060211182},"size":456.8456115722656,"orthographic":true}